id;external_user_id
f87497b9-a977-49d3-bd2e-a66e7de20e91;below
6c4d5568-3a96-4607-b958-9c0989c1fa8a;phooey knit
d4555052-9b6d-4b6e-b32f-147ff1cb0b4a;however supposing inborn
45d9e761-b6bb-4287-98c3-7c71b41009b0;eke duh
192d15d7-2c88-4077-9f77-97244dd752eb;but physically yieldingly
32ef50a4-3a9f-46dd-84c0-7713b109cf07;genuine unto
b26df0fb-a4fa-4b31-8845-4732e7eb4952;daily lovingly mixed
a6360d67-d891-4d88-9f92-9ffd88f42b91;verve
93825ad9-2dc4-4db2-879c-f3903c53eee6;for
695823db-9834-44e7-b18e-94586b2935cb;deliberately
