id;name
78c72815-bf0c-485f-b967-6234d7d18941;drug whether mountain
e7e098e8-f89f-4558-9725-dbc44e34f703;agreeable energetically aw
518e06b1-d0d7-4da0-98ca-d1f57cb86e88;searchingly near dim
e7e7cc8b-9da5-4c5f-ba60-57d62e1335ef;strictly boohoo
4da96864-2e3c-4aeb-b7c3-b9619c484736;provided sarcastic
986a7ddf-53cf-4955-9aba-defb55baf66d;so
0834814d-3128-48e6-8406-0aad8b793c18;between terribly
c7bab942-1748-4f5f-82a3-7b90846be917;disloyal
c77d0486-7a9c-4e3c-b76f-a1427dac1902;brr
cf241a12-381e-4bbe-a036-c307cdfa0a63;plus furthermore
