id;application_name
15226c6e-ec37-466a-be7f-3b81c0667f75;swim
82463d8d-c85c-426a-9bce-fb5972205c13;behest even eek
2676b1c3-dcd1-4249-9eda-f491940ad414;mentor
77f695f4-4c5e-4b40-a659-3a6721014891;obvious near conversation
a9684c75-3546-414d-aa10-3ef7dead34ea;that by
81c8e9a4-e8a3-4190-b75a-6bdab1522838;descent
d1a2048c-c29e-4e07-91d6-e07dc452c630;ah
36db0032-d243-4ac8-81d5-cf8cf801c1e8;phooey
d1a6490c-f5a3-45c7-80ea-77979fe0947a;provided lovingly willfully
5a64e319-3b56-43aa-9c18-db5a43746653;joyfully meaty
